first_name,last_name,email,phone_number,birth_date,address,postal_code
Tatiania,Weldrake,tweldrake0@slate.com,154 633 1244,1955-02-15,118 Arapahoe Alley,
Camel,Kerbey,ckerbey1@vk.com,214 166 2186,1983-03-26,7 Dunning Hill,
Clay,Ethington,cethington2@vimeo.com,473 393 1339,1973-04-16,8600 Columbus Street,6506
Pandora,Minerdo,pminerdo3@plala.or.jp,215 665 7493,1973-12-23,5 Fairview Road,
Karlene,O'Scannill,koscannill4@bigcartel.com,842 615 4238,1976-10-27,180 Victoria Court,
Goddard,Lacer,glacer5@ehow.com,643 560 8186,1960-04-04,86881 Sundown Pass,691 21
Claudia,Sabberton,csabberton6@t.co,696 466 7023,1950-09-19,0 Eliot Point,
Alanah,Filipic,afilipic7@harvard.edu,747 900 5198,2002-09-07,79 Sunfield Point,
Nevins,Breckenridge,nbreckenridge8@xinhuanet.com,299 454 5296,2008-03-17,05374 Basil Pass,3830-017
Nona,Beare,nbeare9@redcross.org,324 435 7650,1977-09-15,61 Forest Circle,11-130
Harbert,Schimon,hschimona@usda.gov,702 284 6811,1977-03-23,580 Colorado Street,
Imojean,Filpi,ifilpib@zdnet.com,941 125 4011,1961-05-16,77 Mosinee Parkway,232517
Carling,Luxmoore,cluxmoorec@wikia.com,275 532 9029,1961-12-09,4234 Forest Dale Place,92924 CEDEX
Tanner,Blinkhorn,tblinkhornd@altervista.org,266 181 7594,1955-07-07,424 Eggendart Point,132018
Gard,Gyse,ggysee@addtoany.com,999 883 9140,1999-07-31,869 Aberg Circle,26000-000
Sheila-kathryn,Smylie,ssmylief@alibaba.com,712 422 0408,1977-07-24,61 Florence Court,5030-049
Rasia,Godar,rgodarg@rambler.ru,348 289 0611,1988-08-23,10268 Brickson Park Avenue,
Korey,Perview,kperviewh@seattletimes.com,288 172 8082,1968-12-09,40 Armistice Junction,2446
Carmine,Clemencon,cclemenconi@japanpost.jp,831 764 8915,1955-04-10,1442 Sunnyside Center,6700
Korey,Duffie,kduffiej@quantcast.com,356 389 3432,1973-10-27,88634 1st Place,
Sarina,Purdey,spurdeyk@umich.edu,982 225 3845,1952-12-11,386 Basil Terrace,94657 CEDEX
Candice,McDoual,cmcdouall@i2i.jp,942 472 4317,1990-12-31,54712 Lakeland Alley,
Celle,Jedrachowicz,cjedrachowiczm@weather.com,370 499 6852,1998-11-25,7 Shasta Point,
Reiko,Willshee,rwillsheen@sohu.com,939 614 9371,2011-01-31,32 Golf View Street,
Lesli,Eynald,leynaldo@netvibes.com,175 114 8640,1998-03-05,2 Erie Junction,31324
Roseline,Snowdon,rsnowdonp@google.com,212 603 4648,1976-09-30,302 Waywood Junction,10045
Rollins,Braidman,rbraidmanq@mail.ru,294 805 0327,1995-09-19,8 Lotheville Road,97111 CEDEX
Cookie,Vicar,cvicarr@pinterest.com,546 800 1032,2006-03-08,7 Florence Drive,
Nathanael,Ianiello,nianiellos@miitbeian.gov.cn,189 155 8182,1964-01-30,986 Sloan Pass,4620-031
Garik,Maddams,gmaddamst@ezinearticles.com,968 367 3915,1952-04-17,1130 Hagan Park,55160
Cammy,Yurkin,cyurkinu@canalblog.com,854 155 9817,2005-10-01,84 Loeprich Way,4520-104
Shandeigh,Spolton,sspoltonv@gmpg.org,121 644 1477,1977-02-05,314 Barby Plaza,
Leoline,Grichukhin,lgrichukhinw@tinyurl.com,139 994 7261,1969-02-25,77 School Place,
Merrill,Aubery,mauberyx@google.com.hk,719 128 4222,1952-03-16,6181 Merrick Center,6017
Yevette,Bircher,ybirchery@tumblr.com,917 232 5589,1965-07-21,9768 Reinke Lane,10469
Erika,Doumer,edoumerz@cocolog-nifty.com,247 302 1294,1958-05-20,9355 Schmedeman Center,
Meggi,Louys,mlouys1e@altervista.org,369 823 9922,1967-08-07,2 Karstens Junction,
Dion,Lapthorn,dlapthorn1f@unesco.org,590 637 6428,2001-10-05,0226 Clemons Hill,
Emelia,Soltan,esoltan1g@marriott.com,731 445 2784,1951-06-25,1 Clove Alley,
Mar,Skin,mskin1h@tamu.edu,593 227 2647,1951-11-29,46 Golf Court,
Freida,Vasilic,fvasilic1i@gnu.org,233 537 1002,1956-03-19,9 Bluestem Street,4950-332
Kellsie,Baddow,kbaddow1j@disqus.com,139 521 6948,1978-06-27,6379 Shasta Hill,
Rhoda,Kleinlerer,rkleinlerer1k@amazon.com,471 252 8656,1977-12-11,1787 Buena Vista Crossing,8102
Phineas,Peppard,ppeppard1l@hud.gov,153 235 2711,1978-12-27,2207 Park Meadow Place,356825
Roselia,Ride,rride1m@wiley.com,508 380 4083,2007-11-02,41 Daystar Park,
Veronika,Adamovitz,vadamovitz1n@timesonline.co.uk,566 567 0777,1977-08-27,05825 Northview Street,4585-586
Charis,Boyford,cboyford1o@whitehouse.gov,501 710 3663,1976-04-23,26 Montana Junction,73-150
Chickie,Piser,cpiser1p@so-net.ne.jp,165 867 8644,1951-12-19,03912 Fulton Trail,
Jonas,Edelheid,jedelheid1q@joomla.org,231 416 9674,1985-12-18,859 Monterey Trail,14910-000
Brade,Maskew,bmaskew1r@topsy.com,961 575 7630,1980-04-13,1777 Waubesa Pass,34110
Rolando,Gallatly,rgallatly1s@yahoo.co.jp,275 422 4242,1961-08-10,97 Lakewood Gardens Way,
Revkah,Ateggart,rateggart1t@lycos.com,917 581 2042,2010-08-25,790 Sloan Drive,
Kylynn,Semarke,ksemarke1u@addthis.com,774 799 9519,1955-10-09,32 Arapahoe Crossing,
Hilton,Victory,hvictory1v@webeden.co.uk,503 140 7248,1970-10-11,8981 Hollow Ridge Lane,3503
Chlo,Bruckent,cbruckent1w@cornell.edu,696 217 4446,1955-08-14,50790 Troy Street,
Dianemarie,Dewes,ddewes1x@sitemeter.com,496 772 8819,1950-01-31,027 Hanover Hill,34-382
Roda,Vanichev,rvanichev1y@illinois.edu,753 951 6639,2010-04-28,79355 Merrick Road,
Dimitri,Jaan,djaan1z@redcross.org,405 516 6021,1987-07-18,1 Corscot Parkway,
Ninnetta,Ruddiforth,nruddiforth20@patch.com,345 610 3466,1984-07-05,75 Hoffman Parkway,
Saundra,Probey,sprobey21@mail.ru,253 694 9232,1979-09-06,0883 Artisan Circle,98516
Shalom,O'Duane,soduane22@stanford.edu,461 315 1336,1968-08-09,699 Marcy Place,
Clemens,Eagers,ceagers23@tiny.cc,895 862 6248,2003-09-08,523 Victoria Trail,
Stacy,Laimable,slaimable24@livejournal.com,277 764 2887,1997-10-02,7153 Elka Way,
Opal,Vasyunkin,ovasyunkin25@ed.gov,561 483 2506,1953-11-19,74 Oakridge Trail,2705-750
Hillie,Sushams,hsushams26@about.me,641 145 8759,1992-08-21,1 Prentice Street,
Briant,Tubbles,btubbles27@businessweek.com,958 734 9235,2003-06-17,080 Warrior Pass,
Chickie,Barme,cbarme28@studiopress.com,151 144 5430,1989-07-30,75 Service Crossing,
Lynnea,Gulleford,lgulleford29@wiley.com,733 800 3241,1975-05-10,9909 Shoshone Hill,21240
Berti,Rulton,brulton2a@hhs.gov,722 140 6063,1983-04-22,3 Red Cloud Place,6539
Morgen,Leport,mleport2b@wired.com,553 115 4961,2005-04-24,96 Hanson Place,1068
Lyn,Firmin,lfirmin2c@psu.edu,797 937 9167,1995-09-06,0417 Pleasure Alley,
Blakeley,Hearns,bhearns2d@photobucket.com,706 865 3259,2010-03-20,21721 Golden Leaf Place,2445
Alfy,Gerhold,agerhold2e@1und1.de,244 890 7344,1971-10-20,9938 Pine View Parkway,586 01
Sal,Kenrat,skenrat2f@timesonline.co.uk,252 754 5676,1952-03-10,53 Gateway Court,
Pernell,Kenealy,pkenealy2g@usa.gov,762 781 7224,1995-06-07,0144 Lunder Place,
Stormy,Dutnell,sdutnell2h@gov.uk,113 958 0888,1954-05-29,877 Troy Lane,
Kelcey,Caseborne,kcaseborne2i@typepad.com,436 979 5871,1991-05-01,40015 Old Gate Crossing,84900-000
Carleton,Hawtry,chawtry2j@dyndns.org,214 958 2250,1998-04-08,3 Sherman Hill,
Flynn,Brinsden,fbrinsden2k@ox.ac.uk,679 738 3461,2004-03-06,0062 John Wall Drive,22104 CEDEX
Clio,Melland,cmelland2l@mapquest.com,102 669 6684,1972-11-07,331 Vernon Street,4290
Gilberte,Orry,gorry2m@themeforest.net,374 539 9688,2001-11-15,2 Lillian Plaza,
Maxwell,Coppock,mcoppock2n@economist.com,247 357 1568,1971-04-07,1 Pennsylvania Trail,
Maury,Dunbabin,mdunbabin2o@bloglovin.com,690 247 2276,2002-06-21,7 Burrows Parkway,081067
Somerset,Herley,sherley2p@netvibes.com,921 928 3280,1959-08-28,6 Prentice Center,721 06
Jeniffer,Hallwood,jhallwood2q@sciencedirect.com,383 749 1598,1970-07-22,81 Onsgard Crossing,
Giraud,Melhuish,gmelhuish2r@adobe.com,619 127 0586,2010-07-17,822 Carberry Pass,
Viole,Fourcade,vfourcade2s@biglobe.ne.jp,332 320 2504,1992-10-02,72798 Pleasure Way,
John,Jaouen,jjaouen2t@apple.com,119 841 7375,1962-08-13,2 Evergreen Way,
Hugues,Suller,hsuller2u@constantcontact.com,418 288 6416,1996-09-06,581 Susan Parkway,
Gordy,Judkin,gjudkin2v@cdc.gov,509 574 7741,1958-06-04,62 Graedel Drive,46781
Karlie,Smolan,ksmolan2w@booking.com,964 469 4738,1974-04-20,3 Alpine Center,8332
Butch,Shrimplin,bshrimplin2x@gravatar.com,589 505 4102,1999-11-14,4 Riverside Court,1761
Austin,Bellelli,abellelli2y@alexa.com,373 188 2505,1963-05-12,27747 Hoard Circle,
Edita,Haffard,ehaffard2z@weebly.com,608 656 6823,1957-10-18,68457 Carey Drive,
Van,Wiley,vwiley30@ibm.com,743 658 0046,2000-05-25,642 Corscot Parkway,
Marysa,Jurisic,mjurisic31@census.gov,233 386 8956,1976-02-19,4943 Haas Junction,
Nataniel,Goldster,ngoldster32@360.cn,549 667 9199,1970-01-19,62 Dennis Way,
Ulrikaumeko,Lorenzin,ulorenzin33@twitter.com,591 777 9312,2004-04-07,91 Summer Ridge Center,
Maryjane,MacMaster,mmacmaster34@dmoz.org,986 448 4919,2010-02-14,6134 Redwing Lane,83120
Paddy,Crehan,pcrehan35@answers.com,265 424 1865,2001-11-22,3 Mifflin Lane,
Rorke,Thrussell,rthrussell36@so-net.ne.jp,827 269 3165,1999-08-21,05 Ohio Center,
Saudra,Bonner,sbonner37@spiegel.de,226 969 5418,2013-11-01,821 Longview Park,
Loren,Merdew,lmerdew38@sun.com,194 165 2632,1986-02-18,8 Jackson Junction,
Joli,Wincer,jwincer39@ox.ac.uk,867 706 4933,1950-07-22,38230 Forster Street,2741
Suzann,Romain,sromain3a@jigsy.com,446 142 4515,2002-07-13,48076 Crownhardt Park,
Jobie,Openshaw,jopenshaw3b@vk.com,407 571 8421,1962-04-25,85833 Luster Terrace,6028
Heinrick,Stentiford,hstentiford3c@ustream.tv,352 771 0565,2006-12-11,764 Lake View Street,203-0044
Fanya,Kermeen,fkermeen3d@yandex.ru,462 350 6361,1991-01-28,4 Arrowood Terrace,
Jobye,Moyne,jmoyne3e@bloglines.com,798 565 3288,1984-01-18,9337 Anniversary Crossing,
Ruben,Rowatt,rrowatt3f@booking.com,513 970 7892,2007-06-19,983 Reinke Alley,689-2352
Romola,Pfeifer,rpfeifer3g@rambler.ru,985 308 4166,1989-10-17,07 Barby Park,
Gizela,Lebell,glebell3h@time.com,400 434 2262,1982-09-16,769 Prairieview Lane,
Parsifal,Crozier,pcrozier3i@wikimedia.org,827 578 2845,1991-05-20,3017 Leroy Parkway,23120
Aretha,Hammarberg,ahammarberg3j@oaic.gov.au,532 897 2061,1994-06-26,60886 Russell Avenue,
Berrie,Thunder,bthunder3k@sphinn.com,767 661 8571,1999-06-14,077 Grayhawk Circle,
Lemar,Brocking,lbrocking3l@surveymonkey.com,384 559 9330,2010-07-06,39270 Maple Junction,6870
Bonnibelle,Cuniam,bcuniam3m@wunderground.com,948 559 2551,2012-12-12,8 Bonner Circle,
Conny,Blunkett,cblunkett3n@wunderground.com,288 681 5955,1959-04-11,8644 Clemons Junction,
Benedikt,Kettridge,bkettridge3o@e-recht24.de,842 376 4080,1966-08-08,2754 Mcguire Circle,
Rebecca,Malpas,rmalpas3p@oakley.com,615 987 8213,1967-11-06,39681 Merchant Point,700-0046
Cirilo,McLaughlin,cmclaughlin3q@feedburner.com,648 459 1971,1974-11-14,31 Parkside Avenue,
Willie,Ather,wather3r@google.es,689 497 2384,1985-03-24,8 Bonner Trail,623036
Dall,Tomasi,dtomasi3s@usatoday.com,226 978 4533,1996-03-07,6701 5th Road,
Lurette,Bodechon,lbodechon3t@google.nl,490 752 7006,1955-10-25,29909 Hoepker Street,9505
Marita,Oldrey,moldrey3u@youtube.com,248 509 0898,1959-02-16,1 Goodland Center,
Brit,Serchwell,bserchwell3v@forbes.com,289 966 1074,1981-01-02,492 Vermont Junction,
Andres,Persich,apersich3w@china.com.cn,604 585 1892,1959-11-03,2613 Arrowood Way,47-344
Aldrich,Stoggles,astoggles3x@abc.net.au,405 776 7445,1983-04-24,00181 La Follette Plaza,
Lucio,Hillen,lhillen3y@studiopress.com,838 323 5324,1991-10-21,95 Longview Terrace,352 54
Perry,Heppenspall,pheppenspall3z@about.com,566 298 4337,1984-03-23,782 Algoma Alley,357367
Karee,Lefley,klefley40@icq.com,221 241 1818,2002-10-22,85506 Grim Road,
Kellyann,Radsdale,kradsdale41@walmart.com,410 325 1589,1971-11-01,60 Kim Crossing,
Gipsy,Izzatt,gizzatt42@mail.ru,902 947 6181,1955-01-31,772 Morningstar Pass,
Maje,Noke,mnoke43@themeforest.net,679 783 8830,1997-11-15,018 Buena Vista Crossing,
Gibbie,Birds,gbirds44@vistaprint.com,951 958 9519,2005-09-29,71 Nancy Terrace,44460-000
Willabella,Searson,wsearson45@wp.com,356 216 7279,2011-10-02,72 Delaware Park,
Iggie,Summerson,isummerson46@dot.gov,486 448 2053,1968-06-26,695 Anderson Way,768 05
Tammi,Gurwood,tgurwood47@soup.io,776 443 7767,2005-06-25,1986 Brickson Park Terrace,
Farlie,Harce,fharce48@wunderground.com,312 344 7586,1951-09-21,54570 Pepper Wood Drive,
Yolane,Pruce,ypruce49@google.co.uk,587 492 5898,1978-05-05,19 Merrick Court,1033
Thoma,Bangiard,tbangiard4a@youku.com,910 317 9657,2001-09-03,92320 Fordem Park,4960-343
Doy,Shelf,dshelf4b@senate.gov,253 550 0269,2007-04-04,3 Messerschmidt Way,919-0222
Alanah,Kennicott,akennicott4c@lulu.com,926 381 3805,2008-05-03,7 Garrison Place,417 63
Alex,Corbin,acorbin4d@ed.gov,109 633 5170,2010-04-02,825 Browning Circle,655138
Ethelred,Austick,eaustick4e@com.com,494 787 2286,1978-02-04,2726 Londonderry Point,82104 CEDEX
Eadith,Brookson,ebrookson4f@yellowpages.com,274 361 6069,1985-11-14,8 David Crossing,104 62
Cary,Jeandel,cjeandel4g@a8.net,309 768 1037,1992-10-29,141 International Pass,2985-105
Beauregard,Pettigrew,bpettigrew4h@google.nl,516 482 9840,1977-07-24,9969 Lawn Road,11044
Pepita,Dirkin,pdirkin4i@behance.net,777 162 7095,2010-04-18,36 Loftsgordon Junction,416 55
Georgeanne,Bearham,gbearham4j@goo.gl,789 830 3175,1950-04-14,5645 Thierer Crossing,
Fanechka,Chippindale,fchippindale4k@admin.ch,749 140 9634,1968-08-14,4627 Old Gate Place,
Sigfried,Judgkins,sjudgkins4l@artisteer.com,157 485 4971,1970-12-11,19954 International Way,2305
Artur,Messent,amessent4m@usda.gov,122 140 2748,2001-04-03,74640 Lawn Pass,
Tomlin,Inworth,tinworth4n@toplist.cz,146 784 5527,1994-05-29,24667 Acker Point,153047
Richart,O'Hartigan,rohartigan4o@ox.ac.uk,639 486 2152,2001-10-25,02 Randy Junction,
Lucio,Hurcombe,lhurcombe4p@ocn.ne.jp,225 883 7976,1977-02-09,2108 Bowman Plaza,58503
Joana,Stonhouse,jstonhouse4q@wikimedia.org,797 697 0641,2007-03-09,45 Cascade Crossing,85614 CEDEX
Christoph,Elies,celies4r@yandex.ru,183 726 4463,2010-10-22,0292 Ronald Regan Way,
Milka,Bremen,mbremen4s@who.int,104 997 1056,1958-11-05,3 Bobwhite Place,10136
Fionnula,Fausset,ffausset4t@soundcloud.com,188 286 9524,1965-03-10,18758 Gerald Street,676620
Aylmer,Hitcham,ahitcham4u@123-reg.co.uk,521 651 2625,1988-08-06,244 Forster Place,
Hermione,Mabbe,hmabbe4v@wired.com,100 908 0244,1978-05-01,3 Claremont Lane,5042
Westbrooke,Pakeman,wpakeman4w@prweb.com,473 130 6667,1984-08-23,1 Stephen Crossing,J7R
Sybyl,Peddie,speddie4x@google.it,458 852 6705,1964-11-07,05 Mockingbird Drive,
Trudi,Gilling,tgilling4y@theatlantic.com,530 723 2971,1980-03-26,0 Sunfield Street,41-221
Elora,Reckless,ereckless4z@toplist.cz,838 765 5711,1963-04-27,06573 Calypso Trail,
Luca,Boldry,lboldry50@psu.edu,539 973 7103,2002-05-18,127 Kinsman Place,
Muriel,Lumly,mlumly51@umn.edu,225 533 8319,1968-08-30,6487 Becker Center,7729
Korella,Attwool,kattwool52@flickr.com,180 178 2026,1998-01-09,80 Scoville Avenue,
Jaquelyn,Rohan,jrohan53@google.com.hk,977 589 7755,2009-08-07,7 Londonderry Parkway,
Tressa,Saintsbury,tsaintsbury54@elegantthemes.com,871 475 4121,1964-05-15,46 Little Fleur Plaza,2622
Raymond,Hauck,rhauck55@reverbnation.com,784 741 0438,1977-06-19,03 Stang Terrace,29-100
Dara,Pasticznyk,dpasticznyk56@yolasite.com,912 974 9803,1966-08-31,95481 Thompson Junction,58-588
Marcile,Sandlin,msandlin57@mtv.com,983 271 3754,2010-08-09,7 Kropf Crossing,8204
Sully,Ferreira,sferreira58@1und1.de,661 163 6981,2003-12-17,17 Ridge Oak Park,86206 CEDEX
Aldin,Chubb,achubb59@goo.ne.jp,125 370 5563,1986-05-15,0941 Sunbrook Center,301382
Cecil,Cordeau,ccordeau5a@salon.com,280 375 4924,1985-02-06,6 Mariners Cove Lane,301 10
Archibold,Girton,agirton5b@google.com.au,540 795 5573,1975-12-20,837 Heath Hill,
Sasha,Cervantes,scervantes5c@ezinearticles.com,120 823 7654,1966-04-29,56418 Sunfield Point,374-0055
Anatollo,Golborne,agolborne5d@ox.ac.uk,162 314 4773,2011-01-03,3 Orin Lane,
Keane,MacSharry,kmacsharry5e@blogtalkradio.com,483 658 0113,2012-07-31,68 Waubesa Lane,
Rhoda,Farquhar,rfarquhar5f@cbc.ca,217 231 0490,1976-07-23,76 Bobwhite Pass,2435-553
Jewel,Paydon,jpaydon5g@i2i.jp,589 585 9122,2000-12-18,365 Caliangt Junction,
Minetta,Kiwitz,mkiwitz5h@ehow.com,213 245 5123,1953-03-27,592 Swallow Road,
Jo-anne,Antcliff,jantcliff5i@addthis.com,784 668 2892,1972-08-05,183 Crowley Court,12307
Dorri,Tomkowicz,dtomkowicz5j@nature.com,643 869 0525,1954-09-12,7136 Northridge Place,40320
Jennifer,White,jennifer.white@example.com,777 888 9999,1979-09-03,123 Cedar Street,09876
John,Smith,john.smith@example.com,123 456 7890,1980-05-20,123 Main Street,12345
Alice,Johnson,alice.johnson@example.com,987 654 3210,1995-12-10,456 Elm Street,54321
Michael,Williams,michael.williams@example.com,555 123 4567,1978-03-15,789 Oak Street,67890
Emily,Jones,emily.jones@example.com,222 333 4444,1992-09-28,321 Maple Street,98765
David,Brown,david.brown@example.com,777 888 9999,1985-06-03,654 Pine Street,23456
Jessica,Davis,jessica.davis@example.com,444 555 6666,1990-02-14,987 Cedar Street,54321
James,Miller,james.miller@example.com,111 222 3333,1982-11-30,654 Birch Street,09876
Sarah,Wilson,sarah.wilson@example.com,999 888 7777,1976-07-25,123 Spruce Street,23456
Christopher,Moore,christopher.moore@example.com,666 777 8888,1987-04-17,456 Oak Street,78901
Laura,Taylor,laura.taylor@example.com,333 444 5555,1993-08-22,789 Pine Street,45678
Daniel,Anderson,daniel.anderson@example.com,888 999 0000,1984-01-08,321 Maple Street,12345
Megan,Thomas,megan.thomas@example.com,555 666 7777,1991-10-05,654 Elm Street,87654
Matthew,Jackson,matthew.jackson@example.com,222 333 4444,1981-05-12,987 Birch Street,54321
